Date,year,month,day,Season
2019-07-31,2019,7,31,3
2019-08-01,2019,8,1,3
2019-08-02,2019,8,2,3
2019-08-03,2019,8,3,3
2019-08-04,2019,8,4,3
2019-08-05,2019,8,5,3
2019-08-06,2019,8,6,3
2019-08-07,2019,8,7,3
2019-08-08,2019,8,8,3
2019-08-09,2019,8,9,3
2019-08-12,2019,8,12,3
2019-08-13,2019,8,13,3
2019-08-14,2019,8,14,3
2019-08-15,2019,8,15,3
2019-08-16,2019,8,16,3
2019-08-19,2019,8,19,3
2019-08-20,2019,8,20,3
2019-08-21,2019,8,21,3
2019-08-22,2019,8,22,3
2019-08-27,2019,8,27,3
2019-08-29,2019,8,29,3
2019-08-30,2019,8,30,3
2019-08-31,2019,8,31,3
2019-09-02,2019,9,2,3
2019-09-03,2019,9,3,3
2019-09-04,2019,9,4,3
2019-09-05,2019,9,5,3
2019-09-06,2019,9,6,3
2019-09-09,2019,9,9,3
2019-09-10,2019,9,10,3
2019-09-11,2019,9,11,3
2019-09-12,2019,9,12,3
2019-09-13,2019,9,13,3
2019-09-16,2019,9,16,3
2019-09-17,2019,9,17,3
2019-09-18,2019,9,18,3
2019-09-19,2019,9,19,3
2019-09-20,2019,9,20,3
2019-09-23,2019,9,23,3
2019-09-24,2019,9,24,3
2019-09-25,2019,9,25,3
2019-09-26,2019,9,26,3
2019-09-30,2019,9,30,3
2019-10-01,2019,10,1,4
2019-10-02,2019,10,2,4
2019-10-03,2019,10,3,4
2019-10-04,2019,10,4,4
2019-10-07,2019,10,7,4
2019-10-08,2019,10,8,4
2019-10-09,2019,10,9,4
2019-10-10,2019,10,10,4
2019-10-11,2019,10,11,4
2019-10-14,2019,10,14,4
2019-10-15,2019,10,15,4
2019-10-16,2019,10,16,4
2019-10-17,2019,10,17,4
2019-10-18,2019,10,18,4
2019-10-21,2019,10,21,4
2019-10-22,2019,10,22,4
2019-10-23,2019,10,23,4
2019-10-24,2019,10,24,4
2019-10-25,2019,10,25,4
2019-10-28,2019,10,28,4
2019-10-29,2019,10,29,4
2019-10-30,2019,10,30,4
2019-11-01,2019,11,1,4
2019-11-04,2019,11,4,4
2019-11-05,2019,11,5,4
2019-11-06,2019,11,6,4
2019-11-07,2019,11,7,4
2019-11-08,2019,11,8,4
2019-11-11,2019,11,11,4
2019-11-12,2019,11,12,4
2019-11-13,2019,11,13,4
2019-11-14,2019,11,14,4
2019-11-15,2019,11,15,4
2019-11-18,2019,11,18,4
2019-11-19,2019,11,19,4
2019-11-20,2019,11,20,4
2019-11-21,2019,11,21,4
2019-11-22,2019,11,22,4
2019-11-25,2019,11,25,4
2019-11-26,2019,11,26,4
2019-11-27,2019,11,27,4
2019-11-28,2019,11,28,4
2019-11-29,2019,11,29,4
2019-12-02,2019,12,2,4
2019-12-03,2019,12,3,4
2019-12-04,2019,12,4,4
2019-12-05,2019,12,5,4
2019-12-06,2019,12,6,4
2019-12-09,2019,12,9,4
2019-12-10,2019,12,10,4
2019-12-11,2019,12,11,4
2019-12-12,2019,12,12,4
2019-12-13,2019,12,13,4
2019-12-16,2019,12,16,4
2019-12-17,2019,12,17,4
2019-12-18,2019,12,18,4
2019-12-19,2019,12,19,4
2019-12-20,2019,12,20,4
2019-12-23,2019,12,23,4
2019-12-24,2019,12,24,4
2019-12-25,2019,12,25,4
2019-12-26,2019,12,26,4
2019-12-27,2019,12,27,4
2019-12-30,2019,12,30,4
2019-12-31,2019,12,31,4
2020-01-01,2020,1,1,1
2020-01-02,2020,1,2,1
2020-01-03,2020,1,3,1
2020-01-06,2020,1,6,1
2020-01-07,2020,1,7,1
2020-01-08,2020,1,8,1
2020-01-09,2020,1,9,1
2020-01-10,2020,1,10,1
2020-01-13,2020,1,13,1
2020-01-14,2020,1,14,1
2020-01-15,2020,1,15,1
2020-01-16,2020,1,16,1
2020-01-17,2020,1,17,1
2020-01-20,2020,1,20,1
2020-01-21,2020,1,21,1
2020-01-22,2020,1,22,1
2020-01-23,2020,1,23,1
2020-01-24,2020,1,24,1
2020-01-27,2020,1,27,1
2020-01-28,2020,1,28,1
2020-01-29,2020,1,29,1
2020-01-30,2020,1,30,1
2020-01-31,2020,1,31,1
2020-02-03,2020,2,3,1
2020-02-04,2020,2,4,1
2020-02-05,2020,2,5,1
2020-02-06,2020,2,6,1
2020-02-07,2020,2,7,1
2020-02-10,2020,2,10,1
2020-02-11,2020,2,11,1
2020-02-12,2020,2,12,1
2020-02-13,2020,2,13,1
2020-02-14,2020,2,14,1
2020-02-17,2020,2,17,1
2020-02-18,2020,2,18,1
2020-02-19,2020,2,19,1
2020-02-20,2020,2,20,1
2020-02-21,2020,2,21,1
2020-02-24,2020,2,24,1
2020-02-25,2020,2,25,1
2020-02-26,2020,2,26,1
2020-02-27,2020,2,27,1
2020-02-28,2020,2,28,1
2020-02-29,2020,2,29,1
2020-03-02,2020,3,2,1
2020-03-03,2020,3,3,1
2020-03-04,2020,3,4,1
2020-03-05,2020,3,5,1
2020-03-06,2020,3,6,1
2020-03-07,2020,3,7,1
2020-03-09,2020,3,9,1
2020-03-10,2020,3,10,1
2020-03-11,2020,3,11,1
2020-03-12,2020,3,12,1
2020-03-13,2020,3,13,1
2020-03-15,2020,3,15,1
2020-03-16,2020,3,16,1
2020-03-17,2020,3,17,1
2020-03-18,2020,3,18,1
2020-03-19,2020,3,19,1
2020-03-20,2020,3,20,1
2020-03-23,2020,3,23,1
2020-03-24,2020,3,24,1
2020-03-25,2020,3,25,1
2020-03-26,2020,3,26,1
2020-03-27,2020,3,27,1
2020-03-28,2020,3,28,1
2020-03-30,2020,3,30,1
2020-03-31,2020,3,31,1
2020-04-01,2020,4,1,2
2020-04-02,2020,4,2,2
2020-04-03,2020,4,3,2
2020-04-06,2020,4,6,2
2020-04-07,2020,4,7,2
2020-04-08,2020,4,8,2
2020-04-09,2020,4,9,2
2020-04-10,2020,4,10,2
2020-04-13,2020,4,13,2
2020-04-14,2020,4,14,2
2020-04-15,2020,4,15,2
2020-04-16,2020,4,16,2
2020-04-17,2020,4,17,2
2020-04-20,2020,4,20,2
2020-04-21,2020,4,21,2
2020-04-22,2020,4,22,2
2020-04-23,2020,4,23,2
2020-04-24,2020,4,24,2
2020-04-25,2020,4,25,2
2020-04-27,2020,4,27,2
2020-04-28,2020,4,28,2
2020-04-29,2020,4,29,2
2020-04-30,2020,4,30,2
2020-05-03,2020,5,3,2
2020-05-04,2020,5,4,2
2020-05-05,2020,5,5,2
2020-05-06,2020,5,6,2
2020-05-07,2020,5,7,2
2020-05-11,2020,5,11,2
2020-05-12,2020,5,12,2
2020-05-13,2020,5,13,2
2020-05-14,2020,5,14,2
2020-05-15,2020,5,15,2
2020-05-18,2020,5,18,2
2020-05-19,2020,5,19,2
2020-05-20,2020,5,20,2
2020-05-21,2020,5,21,2
2020-05-22,2020,5,22,2
2020-05-25,2020,5,25,2
2020-05-26,2020,5,26,2
2020-05-27,2020,5,27,2
2020-05-28,2020,5,28,2
2020-05-29,2020,5,29,2
2020-05-30,2020,5,30,2
2020-05-31,2020,5,31,2
2020-06-01,2020,6,1,2
2020-06-02,2020,6,2,2
2020-06-03,2020,6,3,2
2020-06-04,2020,6,4,2
2020-06-05,2020,6,5,2
2020-06-08,2020,6,8,2
2020-06-09,2020,6,9,2
2020-06-10,2020,6,10,2
2020-06-11,2020,6,11,2
2020-06-12,2020,6,12,2
2020-06-15,2020,6,15,2
2020-06-16,2020,6,16,2
2020-06-17,2020,6,17,2
2020-06-18,2020,6,18,2
2020-06-19,2020,6,19,2
2020-06-22,2020,6,22,2
2020-06-23,2020,6,23,2
2020-06-24,2020,6,24,2
2020-06-25,2020,6,25,2
2020-06-26,2020,6,26,2
2020-06-29,2020,6,29,2
2020-06-30,2020,6,30,2
2020-07-01,2020,7,1,3
2020-07-02,2020,7,2,3
2020-07-03,2020,7,3,3
2020-07-06,2020,7,6,3
2020-07-07,2020,7,7,3
2020-07-08,2020,7,8,3
2020-07-09,2020,7,9,3
2020-07-10,2020,7,10,3
2020-07-13,2020,7,13,3
2020-07-14,2020,7,14,3
2020-07-15,2020,7,15,3
2020-07-16,2020,7,16,3
2020-07-17,2020,7,17,3
2020-07-20,2020,7,20,3
2020-07-21,2020,7,21,3
2020-07-22,2020,7,22,3
2020-07-23,2020,7,23,3
2020-07-24,2020,7,24,3
2020-07-27,2020,7,27,3
2020-07-28,2020,7,28,3
2020-07-29,2020,7,29,3
2020-07-30,2020,7,30,3
2020-07-31,2020,7,31,3
2020-08-03,2020,8,3,3
2020-08-04,2020,8,4,3
2020-08-05,2020,8,5,3
2020-08-06,2020,8,6,3
2020-08-07,2020,8,7,3
2020-08-10,2020,8,10,3
2020-08-11,2020,8,11,3
2020-08-12,2020,8,12,3
2020-08-13,2020,8,13,3
2020-08-14,2020,8,14,3
2020-08-16,2020,8,16,3
2020-08-17,2020,8,17,3
2020-08-18,2020,8,18,3
2020-08-19,2020,8,19,3
2020-08-20,2020,8,20,3
2020-08-21,2020,8,21,3
2020-08-24,2020,8,24,3
2020-08-25,2020,8,25,3
2020-08-26,2020,8,26,3
2020-08-27,2020,8,27,3
2020-08-28,2020,8,28,3
2020-08-31,2020,8,31,3
2020-09-01,2020,9,1,3
2020-09-02,2020,9,2,3
2020-09-03,2020,9,3,3
2020-09-04,2020,9,4,3
2020-09-07,2020,9,7,3
2020-09-08,2020,9,8,3
2020-09-09,2020,9,9,3
2020-09-14,2020,9,14,3
2020-09-16,2020,9,16,3
2020-09-17,2020,9,17,3
2020-09-18,2020,9,18,3
2020-09-21,2020,9,21,3
2020-09-22,2020,9,22,3
2020-09-23,2020,9,23,3
2020-09-24,2020,9,24,3
2020-09-25,2020,9,25,3
2020-09-26,2020,9,26,3
2020-09-28,2020,9,28,3
2020-09-29,2020,9,29,3
2020-09-30,2020,9,30,3
2020-10-01,2020,10,1,4
2020-10-02,2020,10,2,4
2020-10-03,2020,10,3,4
2020-10-05,2020,10,5,4
2020-10-06,2020,10,6,4
2020-10-07,2020,10,7,4
2020-10-08,2020,10,8,4
2020-10-09,2020,10,9,4
2020-10-10,2020,10,10,4
2020-10-12,2020,10,12,4
2020-10-13,2020,10,13,4
2020-10-14,2020,10,14,4
2020-10-15,2020,10,15,4
2020-10-16,2020,10,16,4
2020-10-17,2020,10,17,4
2020-10-19,2020,10,19,4
2020-10-20,2020,10,20,4
2020-10-21,2020,10,21,4
2020-10-22,2020,10,22,4
2020-10-23,2020,10,23,4
2020-10-26,2020,10,26,4
2020-10-27,2020,10,27,4
2020-10-28,2020,10,28,4
2020-10-29,2020,10,29,4
2020-10-31,2020,10,31,4
2020-11-02,2020,11,2,4
2020-11-03,2020,11,3,4
2020-11-04,2020,11,4,4
2020-11-05,2020,11,5,4
2020-11-06,2020,11,6,4
2020-11-09,2020,11,9,4
2020-11-10,2020,11,10,4
2020-11-11,2020,11,11,4
2020-11-12,2020,11,12,4
2020-11-13,2020,11,13,4
2020-11-14,2020,11,14,4
2020-11-16,2020,11,16,4
2020-11-17,2020,11,17,4
2020-11-18,2020,11,18,4
2020-11-19,2020,11,19,4
2020-11-20,2020,11,20,4
2020-11-21,2020,11,21,4
2020-11-23,2020,11,23,4
2020-11-24,2020,11,24,4
2020-11-25,2020,11,25,4
2020-11-26,2020,11,26,4
2020-11-27,2020,11,27,4
2020-11-30,2020,11,30,4
2020-12-01,2020,12,1,4
2020-12-02,2020,12,2,4
2020-12-03,2020,12,3,4
2020-12-04,2020,12,4,4
2020-12-05,2020,12,5,4
2020-12-06,2020,12,6,4
2020-12-07,2020,12,7,4
2020-12-08,2020,12,8,4
2020-12-09,2020,12,9,4
2020-12-10,2020,12,10,4
2020-12-11,2020,12,11,4
2020-12-12,2020,12,12,4
2020-12-14,2020,12,14,4
2020-12-15,2020,12,15,4
2020-12-16,2020,12,16,4
2020-12-17,2020,12,17,4
2020-12-18,2020,12,18,4
2020-12-19,2020,12,19,4
2020-12-21,2020,12,21,4
2020-12-22,2020,12,22,4
2020-12-23,2020,12,23,4
2020-12-24,2020,12,24,4
2020-12-25,2020,12,25,4
2020-12-28,2020,12,28,4
2020-12-29,2020,12,29,4
2020-12-30,2020,12,30,4
2020-12-31,2020,12,31,4
2021-01-01,2021,1,1,1
2021-01-04,2021,1,4,1
2021-01-05,2021,1,5,1
2021-01-06,2021,1,6,1
2021-01-07,2021,1,7,1
2021-01-08,2021,1,8,1
2021-01-12,2021,1,12,1
2021-01-13,2021,1,13,1
2021-01-14,2021,1,14,1
2021-01-15,2021,1,15,1
2021-01-18,2021,1,18,1
2021-01-19,2021,1,19,1
2021-01-20,2021,1,20,1
2021-01-21,2021,1,21,1
2021-01-22,2021,1,22,1
2021-01-25,2021,1,25,1
2021-01-26,2021,1,26,1
2021-01-27,2021,1,27,1
2021-01-28,2021,1,28,1
2021-01-29,2021,1,29,1
2021-02-01,2021,2,1,1
2021-02-02,2021,2,2,1
2021-02-03,2021,2,3,1
2021-02-04,2021,2,4,1
2021-02-05,2021,2,5,1
2021-02-08,2021,2,8,1
2021-02-09,2021,2,9,1
2021-02-10,2021,2,10,1
2021-02-11,2021,2,11,1
2021-02-12,2021,2,12,1
2021-02-15,2021,2,15,1
2021-02-16,2021,2,16,1
2021-02-17,2021,2,17,1
2021-02-18,2021,2,18,1
2021-02-19,2021,2,19,1
2021-02-22,2021,2,22,1
2021-02-23,2021,2,23,1
2021-02-24,2021,2,24,1
2021-02-25,2021,2,25,1
2021-02-26,2021,2,26,1
2021-03-01,2021,3,1,1
2021-03-02,2021,3,2,1
2021-03-03,2021,3,3,1
2021-03-04,2021,3,4,1
2021-03-05,2021,3,5,1
2021-03-06,2021,3,6,1
2021-03-07,2021,3,7,1
2021-03-08,2021,3,8,1
2021-03-09,2021,3,9,1
2021-03-10,2021,3,10,1
2021-03-11,2021,3,11,1
2021-03-12,2021,3,12,1
2021-03-15,2021,3,15,1
2021-03-16,2021,3,16,1
2021-03-17,2021,3,17,1
2021-03-18,2021,3,18,1
2021-03-19,2021,3,19,1
2021-03-21,2021,3,21,1
2021-03-22,2021,3,22,1
2021-03-23,2021,3,23,1
2021-03-24,2021,3,24,1
2021-03-25,2021,3,25,1
2021-03-26,2021,3,26,1
2021-03-28,2021,3,28,1
2021-03-29,2021,3,29,1
2021-03-30,2021,3,30,1
2021-03-31,2021,3,31,1
2021-04-01,2021,4,1,2
2021-04-02,2021,4,2,2
2021-04-04,2021,4,4,2
2021-04-05,2021,4,5,2
2021-04-06,2021,4,6,2
2021-04-07,2021,4,7,2
2021-04-08,2021,4,8,2
2021-04-09,2021,4,9,2
2021-04-10,2021,4,10,2
2021-04-11,2021,4,11,2
2021-04-12,2021,4,12,2
2021-04-13,2021,4,13,2
2021-04-14,2021,4,14,2
2021-04-15,2021,4,15,2
2021-04-16,2021,4,16,2
2021-04-17,2021,4,17,2
2021-04-18,2021,4,18,2
2021-04-19,2021,4,19,2
2021-04-21,2021,4,21,2
2021-04-22,2021,4,22,2
2021-04-23,2021,4,23,2
2021-04-24,2021,4,24,2
2021-04-25,2021,4,25,2
2021-04-26,2021,4,26,2
2021-04-27,2021,4,27,2
2021-04-28,2021,4,28,2
2021-04-29,2021,4,29,2
2021-04-30,2021,4,30,2
2021-05-01,2021,5,1,2
2021-05-03,2021,5,3,2
2021-05-04,2021,5,4,2
2021-05-05,2021,5,5,2
2021-05-06,2021,5,6,2
2021-05-07,2021,5,7,2
2021-05-08,2021,5,8,2
2021-05-11,2021,5,11,2
2021-05-12,2021,5,12,2
2021-05-13,2021,5,13,2
2021-05-14,2021,5,14,2
2021-05-15,2021,5,15,2
2021-05-17,2021,5,17,2
2021-05-18,2021,5,18,2
2021-05-19,2021,5,19,2
2021-05-20,2021,5,20,2
2021-05-21,2021,5,21,2
2021-05-22,2021,5,22,2
2021-05-24,2021,5,24,2
2021-05-25,2021,5,25,2
2021-05-26,2021,5,26,2
2021-05-27,2021,5,27,2
2021-05-28,2021,5,28,2
2021-05-31,2021,5,31,2
2021-06-01,2021,6,1,2
2021-06-02,2021,6,2,2
2021-06-03,2021,6,3,2
2021-06-04,2021,6,4,2
2021-06-05,2021,6,5,2
2021-06-06,2021,6,6,2
2021-06-07,2021,6,7,2
2021-06-08,2021,6,8,2
2021-06-09,2021,6,9,2
2021-06-10,2021,6,10,2
2021-06-11,2021,6,11,2
2021-06-12,2021,6,12,2
2021-06-14,2021,6,14,2
2021-06-15,2021,6,15,2
2021-06-16,2021,6,16,2
2021-06-17,2021,6,17,2
2021-06-18,2021,6,18,2
2021-06-19,2021,6,19,2
2021-06-21,2021,6,21,2
2021-06-22,2021,6,22,2
2021-06-23,2021,6,23,2
2021-06-24,2021,6,24,2
2021-06-25,2021,6,25,2
2021-06-26,2021,6,26,2
2021-06-28,2021,6,28,2
2021-06-29,2021,6,29,2
2021-06-30,2021,6,30,2
2021-07-01,2021,7,1,3
2021-07-02,2021,7,2,3
2021-07-03,2021,7,3,3
2021-07-05,2021,7,5,3
2021-07-06,2021,7,6,3
2021-07-07,2021,7,7,3
2021-07-08,2021,7,8,3
2021-07-09,2021,7,9,3
2021-07-10,2021,7,10,3
2021-07-12,2021,7,12,3
2021-07-13,2021,7,13,3
2021-07-14,2021,7,14,3
2021-07-15,2021,7,15,3
2021-07-16,2021,7,16,3
2021-07-17,2021,7,17,3
2021-07-19,2021,7,19,3
2021-07-20,2021,7,20,3
2021-07-21,2021,7,21,3
2021-07-22,2021,7,22,3
2021-07-23,2021,7,23,3
2021-07-24,2021,7,24,3
2021-07-26,2021,7,26,3
2021-07-27,2021,7,27,3
2021-07-28,2021,7,28,3
2021-07-29,2021,7,29,3
2021-07-30,2021,7,30,3
2021-07-31,2021,7,31,3
2021-08-02,2021,8,2,3
2021-08-03,2021,8,3,3
2021-08-04,2021,8,4,3
2021-08-05,2021,8,5,3
2021-08-06,2021,8,6,3
2021-08-07,2021,8,7,3
2021-08-09,2021,8,9,3
2021-08-10,2021,8,10,3
2021-08-11,2021,8,11,3
2021-08-12,2021,8,12,3
2021-08-13,2021,8,13,3
2021-08-14,2021,8,14,3
2021-08-16,2021,8,16,3
2021-08-17,2021,8,17,3
2021-08-18,2021,8,18,3
2021-08-19,2021,8,19,3
2021-08-20,2021,8,20,3
2021-08-21,2021,8,21,3
2021-08-22,2021,8,22,3
2021-08-23,2021,8,23,3
2021-08-24,2021,8,24,3
2021-08-25,2021,8,25,3
2021-08-26,2021,8,26,3
2021-08-27,2021,8,27,3
2021-08-28,2021,8,28,3
2021-08-29,2021,8,29,3
2021-08-30,2021,8,30,3
2021-09-03,2021,9,3,3
2021-09-06,2021,9,6,3
2021-09-07,2021,9,7,3
2021-09-08,2021,9,8,3
2021-09-09,2021,9,9,3
2021-09-10,2021,9,10,3
2021-09-11,2021,9,11,3
2021-09-13,2021,9,13,3
2021-09-14,2021,9,14,3
2021-09-15,2021,9,15,3
2021-09-16,2021,9,16,3
2021-09-17,2021,9,17,3
2021-09-18,2021,9,18,3
2021-09-20,2021,9,20,3
2021-09-21,2021,9,21,3
2021-09-22,2021,9,22,3
2021-09-23,2021,9,23,3
2021-09-24,2021,9,24,3
2021-09-25,2021,9,25,3
2021-09-28,2021,9,28,3
2021-09-29,2021,9,29,3
2021-09-30,2021,9,30,3
2021-10-01,2021,10,1,4
2021-10-04,2021,10,4,4
2021-10-05,2021,10,5,4
2021-10-06,2021,10,6,4
2021-10-07,2021,10,7,4
2021-10-08,2021,10,8,4
2021-10-10,2021,10,10,4
2021-10-11,2021,10,11,4
2021-10-12,2021,10,12,4
2021-10-13,2021,10,13,4
2021-10-14,2021,10,14,4
2021-10-15,2021,10,15,4
2021-10-16,2021,10,16,4
2021-10-18,2021,10,18,4
2021-10-19,2021,10,19,4
2021-10-20,2021,10,20,4
2021-10-21,2021,10,21,4
2021-10-22,2021,10,22,4
2021-10-24,2021,10,24,4
2021-10-25,2021,10,25,4
2021-10-26,2021,10,26,4
2021-10-27,2021,10,27,4
2021-10-28,2021,10,28,4
2021-10-29,2021,10,29,4
2021-11-01,2021,11,1,4
2021-11-03,2021,11,3,4
2021-11-04,2021,11,4,4
2021-11-05,2021,11,5,4
2021-11-08,2021,11,8,4
2021-11-09,2021,11,9,4
2021-11-10,2021,11,10,4
2021-11-11,2021,11,11,4
2021-11-12,2021,11,12,4
2021-11-15,2021,11,15,4
2021-11-16,2021,11,16,4
2021-11-17,2021,11,17,4
2021-11-18,2021,11,18,4
2021-11-19,2021,11,19,4
2021-11-22,2021,11,22,4
2021-11-23,2021,11,23,4
2021-11-24,2021,11,24,4
2021-11-25,2021,11,25,4
2021-11-26,2021,11,26,4
2021-11-29,2021,11,29,4
2021-11-30,2021,11,30,4
2021-12-01,2021,12,1,4
2021-12-02,2021,12,2,4
2021-12-03,2021,12,3,4
2021-12-06,2021,12,6,4
2021-12-07,2021,12,7,4
2021-12-08,2021,12,8,4
2021-12-09,2021,12,9,4
2021-12-10,2021,12,10,4
2021-12-13,2021,12,13,4
2021-12-14,2021,12,14,4
2021-12-15,2021,12,15,4
2021-12-16,2021,12,16,4
2021-12-17,2021,12,17,4
2021-12-20,2021,12,20,4
2021-12-21,2021,12,21,4
2021-12-22,2021,12,22,4
2021-12-23,2021,12,23,4
2021-12-24,2021,12,24,4
2021-12-27,2021,12,27,4
2021-12-28,2021,12,28,4
2021-12-29,2021,12,29,4
2021-12-30,2021,12,30,4
2022-01-03,2022,1,3,1
2022-01-04,2022,1,4,1
2022-01-05,2022,1,5,1
2022-01-06,2022,1,6,1
2022-01-07,2022,1,7,1
2022-01-10,2022,1,10,1
2022-01-11,2022,1,11,1
2022-01-12,2022,1,12,1
2022-01-13,2022,1,13,1
2022-01-14,2022,1,14,1
2022-01-17,2022,1,17,1
2022-01-18,2022,1,18,1
2022-01-19,2022,1,19,1
2022-01-20,2022,1,20,1
2022-01-21,2022,1,21,1
2022-01-24,2022,1,24,1
2022-01-25,2022,1,25,1
2022-01-26,2022,1,26,1
2022-01-27,2022,1,27,1
2022-01-28,2022,1,28,1
2022-01-31,2022,1,31,1
2022-02-01,2022,2,1,1
2022-02-02,2022,2,2,1
2022-02-03,2022,2,3,1
2022-02-04,2022,2,4,1
2022-02-07,2022,2,7,1
2022-02-08,2022,2,8,1
2022-02-09,2022,2,9,1
2022-02-10,2022,2,10,1
2022-02-11,2022,2,11,1
2022-02-12,2022,2,12,1
2022-02-14,2022,2,14,1
2022-02-15,2022,2,15,1
2022-02-16,2022,2,16,1
2022-02-17,2022,2,17,1
2022-02-18,2022,2,18,1
2022-02-19,2022,2,19,1
2022-02-21,2022,2,21,1
2022-02-22,2022,2,22,1
2022-02-23,2022,2,23,1
2022-02-24,2022,2,24,1
2022-02-25,2022,2,25,1
2022-02-28,2022,2,28,1
2022-03-01,2022,3,1,1
2022-03-02,2022,3,2,1
2022-03-03,2022,3,3,1
2022-03-04,2022,3,4,1
2022-03-07,2022,3,7,1
2022-03-08,2022,3,8,1
2022-03-09,2022,3,9,1
2022-03-10,2022,3,10,1
2022-03-11,2022,3,11,1
2022-03-14,2022,3,14,1
2022-03-15,2022,3,15,1
2022-03-16,2022,3,16,1
2022-03-17,2022,3,17,1
2022-03-18,2022,3,18,1
2022-03-21,2022,3,21,1
2022-03-22,2022,3,22,1
2022-03-23,2022,3,23,1
2022-03-24,2022,3,24,1
2022-03-25,2022,3,25,1
2022-03-28,2022,3,28,1
2022-03-29,2022,3,29,1
2022-03-30,2022,3,30,1
2022-03-31,2022,3,31,1
2022-04-01,2022,4,1,2
2022-04-04,2022,4,4,2
2022-04-05,2022,4,5,2
2022-04-06,2022,4,6,2
2022-04-07,2022,4,7,2
2022-04-09,2022,4,9,2
2022-04-11,2022,4,11,2
2022-04-12,2022,4,12,2
2022-04-13,2022,4,13,2
2022-04-14,2022,4,14,2
2022-04-15,2022,4,15,2
2022-04-16,2022,4,16,2
2022-04-18,2022,4,18,2
2022-04-19,2022,4,19,2
2022-04-20,2022,4,20,2
2022-04-21,2022,4,21,2
2022-04-22,2022,4,22,2
2022-04-23,2022,4,23,2
2022-04-25,2022,4,25,2
2022-04-26,2022,4,26,2
2022-04-27,2022,4,27,2
2022-04-28,2022,4,28,2
2022-04-29,2022,4,29,2
2022-04-30,2022,4,30,2
2022-05-02,2022,5,2,2
2022-05-03,2022,5,3,2
2022-05-04,2022,5,4,2
2022-05-05,2022,5,5,2
2022-05-06,2022,5,6,2
2022-05-10,2022,5,10,2
2022-05-11,2022,5,11,2
2022-05-12,2022,5,12,2
2022-05-13,2022,5,13,2
2022-05-16,2022,5,16,2
2022-05-17,2022,5,17,2
2022-05-18,2022,5,18,2
2022-05-19,2022,5,19,2
2022-05-20,2022,5,20,2
2022-05-23,2022,5,23,2
2022-05-24,2022,5,24,2
2022-05-25,2022,5,25,2
2022-05-26,2022,5,26,2
2022-05-27,2022,5,27,2
2022-05-28,2022,5,28,2
2022-05-30,2022,5,30,2
2022-05-31,2022,5,31,2
2022-06-01,2022,6,1,2
2022-06-02,2022,6,2,2
2022-06-03,2022,6,3,2
2022-06-05,2022,6,5,2
2022-06-06,2022,6,6,2
2022-06-07,2022,6,7,2
2022-06-08,2022,6,8,2
2022-06-09,2022,6,9,2
2022-06-10,2022,6,10,2
2022-06-13,2022,6,13,2
2022-06-14,2022,6,14,2
2022-06-15,2022,6,15,2
2022-06-16,2022,6,16,2
2022-06-17,2022,6,17,2
2022-06-18,2022,6,18,2
2022-06-20,2022,6,20,2
2022-06-21,2022,6,21,2
2022-06-22,2022,6,22,2
2022-06-23,2022,6,23,2
2022-06-24,2022,6,24,2
2022-06-25,2022,6,25,2
2022-06-27,2022,6,27,2
2022-06-28,2022,6,28,2
2022-06-29,2022,6,29,2
2022-06-30,2022,6,30,2
2022-07-01,2022,7,1,3
2022-07-03,2022,7,3,3
2022-07-04,2022,7,4,3
2022-07-05,2022,7,5,3
2022-07-06,2022,7,6,3
2022-07-07,2022,7,7,3
2022-07-08,2022,7,8,3
2022-07-09,2022,7,9,3
2022-07-11,2022,7,11,3
2022-07-12,2022,7,12,3
2022-07-13,2022,7,13,3
2022-07-14,2022,7,14,3
2022-07-15,2022,7,15,3
2022-07-16,2022,7,16,3
2022-07-18,2022,7,18,3
2022-07-19,2022,7,19,3
2022-07-20,2022,7,20,3
2022-07-21,2022,7,21,3
2022-07-22,2022,7,22,3
2022-07-23,2022,7,23,3
2022-07-25,2022,7,25,3
2022-07-26,2022,7,26,3
2022-07-27,2022,7,27,3
2022-07-28,2022,7,28,3
2022-07-29,2022,7,29,3
2022-07-30,2022,7,30,3
2022-08-02,2022,8,2,3
2022-08-03,2022,8,3,3
2022-08-04,2022,8,4,3
2022-08-05,2022,8,5,3
2022-08-06,2022,8,6,3
2022-08-07,2022,8,7,3
2022-08-08,2022,8,8,3
2022-08-09,2022,8,9,3
2022-08-10,2022,8,10,3
2022-08-11,2022,8,11,3
2022-08-12,2022,8,12,3
2022-08-13,2022,8,13,3
2022-08-14,2022,8,14,3
2022-08-15,2022,8,15,3
2022-08-16,2022,8,16,3
2022-08-17,2022,8,17,3
2022-08-18,2022,8,18,3
2022-08-19,2022,8,19,3
2022-08-20,2022,8,20,3
2022-08-26,2022,8,26,3
2022-08-27,2022,8,27,3
2022-08-29,2022,8,29,3
2022-08-30,2022,8,30,3
2022-08-31,2022,8,31,3
2022-09-01,2022,9,1,3
2022-09-02,2022,9,2,3
2022-09-05,2022,9,5,3
2022-09-06,2022,9,6,3
2022-09-07,2022,9,7,3
2022-09-08,2022,9,8,3
2022-09-09,2022,9,9,3
2022-09-10,2022,9,10,3
2022-09-12,2022,9,12,3
2022-09-13,2022,9,13,3
2022-09-14,2022,9,14,3
2022-09-15,2022,9,15,3
2022-09-16,2022,9,16,3
2022-09-17,2022,9,17,3
2022-09-19,2022,9,19,3
2022-09-20,2022,9,20,3
2022-09-21,2022,9,21,3
2022-09-22,2022,9,22,3
2022-09-23,2022,9,23,3
2022-09-24,2022,9,24,3
2022-09-26,2022,9,26,3
2022-09-28,2022,9,28,3
2022-09-29,2022,9,29,3
2022-09-30,2022,9,30,3
2022-10-01,2022,10,1,4
2022-10-03,2022,10,3,4
2022-10-04,2022,10,4,4
2022-10-05,2022,10,5,4
2022-10-06,2022,10,6,4
2022-10-07,2022,10,7,4
2022-10-08,2022,10,8,4
2022-10-10,2022,10,10,4
2022-10-11,2022,10,11,4
2022-10-12,2022,10,12,4
2022-10-13,2022,10,13,4
2022-10-14,2022,10,14,4
2022-10-15,2022,10,15,4
2022-10-17,2022,10,17,4
2022-10-18,2022,10,18,4
2022-10-19,2022,10,19,4
2022-10-20,2022,10,20,4
2022-10-21,2022,10,21,4
2022-10-24,2022,10,24,4
2022-10-25,2022,10,25,4
2022-10-26,2022,10,26,4
2022-10-27,2022,10,27,4
2022-10-28,2022,10,28,4
2022-10-31,2022,10,31,4
2022-11-03,2022,11,3,4
2022-11-04,2022,11,4,4
2022-11-05,2022,11,5,4
2022-11-07,2022,11,7,4
2022-11-08,2022,11,8,4
2022-11-09,2022,11,9,4
2022-11-10,2022,11,10,4
2022-11-11,2022,11,11,4
2022-11-12,2022,11,12,4
2022-11-14,2022,11,14,4
2022-11-15,2022,11,15,4
2022-11-16,2022,11,16,4
2022-11-17,2022,11,17,4
2022-11-18,2022,11,18,4
2022-11-21,2022,11,21,4
2022-11-22,2022,11,22,4
2022-11-23,2022,11,23,4
2022-11-24,2022,11,24,4
2022-11-25,2022,11,25,4
2022-11-26,2022,11,26,4
2022-11-29,2022,11,29,4
2022-11-30,2022,11,30,4
2022-12-01,2022,12,1,4
2022-12-02,2022,12,2,4
2022-12-03,2022,12,3,4
2022-12-05,2022,12,5,4
2022-12-06,2022,12,6,4
2022-12-07,2022,12,7,4
2022-12-08,2022,12,8,4
2022-12-09,2022,12,9,4
2022-12-10,2022,12,10,4
2022-12-12,2022,12,12,4
2022-12-13,2022,12,13,4
2022-12-14,2022,12,14,4
2022-12-15,2022,12,15,4
2022-12-16,2022,12,16,4
2022-12-17,2022,12,17,4
2022-12-19,2022,12,19,4
2022-12-20,2022,12,20,4
2022-12-21,2022,12,21,4
2022-12-22,2022,12,22,4
2022-12-23,2022,12,23,4
2022-12-26,2022,12,26,4
2022-12-27,2022,12,27,4
2023-01-07,2023,1,7,1
2022-12-24,2022,12,24,4
2022-12-28,2022,12,28,4
